<?xml version="1.0" encoding="UTF-8" standalone="no"?>
<pepperModulesList defaultGroupId="org.corpus-tools"
	defaultSnapshotRepository="https://oss.sonatype.org/content/repositories/snapshots/" defaultReleaseRepository="http://central.maven.org/maven2/">
	<pepperModules>
		<artifactId>pepperModules-TCFModules</artifactId>
		<repositories>
			<snapshotRepository>
				<url>https://oss.sonatype.org/content/repositories/snapshots/</url>
			</snapshotRepository>
			<releaseRepository>
				<url>http://central.maven.org/maven2/</url>
			</releaseRepository>
		</repositories>		
	</pepperModules>
	<pepperModules>
		<artifactId>pepperModules-CoNLLModules</artifactId>
	</pepperModules>
	<pepperModules>
		<artifactId>pepperModules-CoraXMLModules</artifactId>
	</pepperModules>
	<pepperModules>
		<artifactId>pepperModules-ToolboxModules</artifactId>
	</pepperModules>
	<pepperModules>
		<artifactId>pepperModules-ModuleBox</artifactId>
	</pepperModules>
	<pepperModules>
		<artifactId>pepperModules-ElanModules</artifactId>
	</pepperModules>
	<pepperModules>
		<artifactId>pepperModules-EXMARaLDAModules</artifactId>
	</pepperModules>
	<pepperModules>
		<artifactId>pepperModules-FALKOModules</artifactId>
	</pepperModules>
	<pepperModules>
		<artifactId>pepperModules-GATEModules</artifactId>
	</pepperModules>
	<pepperModules>
		<artifactId>pepperModules-GenericXMLModules</artifactId>
	</pepperModules>
	<pepperModules>
		<artifactId>pepperModules-MergingModules</artifactId>
	</pepperModules>
	<pepperModules>
		<artifactId>pepperModules-MMAX2Modules</artifactId>
	</pepperModules>
	<pepperModules>
		<artifactId>pepperModules-nlpModules</artifactId>
	</pepperModules>
	<pepperModules>
		<artifactId>pepperModules-PAULAModules</artifactId>
	</pepperModules>
	<pepperModules>
		<artifactId>pepperModules-PerseusModules</artifactId>
	</pepperModules>
	<pepperModules>
		<artifactId>pepperModules-PTBModules</artifactId>
	</pepperModules>
	<pepperModules>
		<artifactId>pepperModules-ANNISModules</artifactId>
	</pepperModules>
	<pepperModules>
		<artifactId>pepperModules-RSTModules</artifactId>
	</pepperModules>
	<pepperModules>
		<artifactId>pepperModules-SaltInfoModules</artifactId>
	</pepperModules>
	<pepperModules>
		<artifactId>pepperModules-TEIModules</artifactId>
	</pepperModules>
	<pepperModules>
		<artifactId>pepperModules-TigerModules</artifactId>
	</pepperModules>
	<pepperModules>
		<artifactId>pepperModules-TreetaggerModules</artifactId>
	</pepperModules>
	<pepperModules>
		<artifactId>pepperModules-TueBaDZModules</artifactId>
	</pepperModules>
	<pepperModules>
		<artifactId>pepperModules-UAMModules</artifactId>
	</pepperModules>
	<pepperModules>
		<artifactId>pepperModules-GraphAnnoModules</artifactId>
	</pepperModules>
	<pepperModules>
		<artifactId>pepperModules-GrAFModules</artifactId>
	</pepperModules>
</pepperModulesList>
