<?xml version="1.0" encoding="UTF-8"?>
<archetype-descriptor
	xsi:schemaLocation="http://maven.apache.org/plugins/maven-archetype-plugin/archetype-descriptor/1.0.0 http://maven.apache.org/xsd/archetype-descriptor-1.0.0.xsd"
	xmlns="http://maven.apache.org/plugins/maven-archetype-plugin/archetype-descriptor/1.0.0"
	xmlns:xsi="http://www.w3.org/2001/XMLSchema-instance">
	<requiredProperties>
		<requiredProperty key="groupId" />
		<requiredProperty key="artifactId" />
		<requiredProperty key="version">
			<defaultValue>1.0.0-SNAPSHOT</defaultValue>
		</requiredProperty>
		<requiredProperty key="package">
			<defaultValue>${groupId}.${artifactId}</defaultValue>
		</requiredProperty>
		<requiredProperty key="your_name" />
		<requiredProperty key="organisation" />
	</requiredProperties>
	<fileSets>
		<fileSet filtered="true" packaged="true" encoding="UTF-8">
			<directory>src/main/java</directory>
			<includes>
				<include>**/*.java</include>
			</includes>
		</fileSet>
		<fileSet filtered="true" packaged="true" encoding="UTF-8">
			<directory>src/test/java</directory>
			<includes>
				<include>**/*.java</include>
			</includes>
		</fileSet>
		<fileSet filtered="true" encoding="UTF-8">
			<directory>src/main/resources</directory>
			<includes>
				<include>**/*</include>
			</includes>
		</fileSet>
		<fileSet filtered="true" encoding="UTF-8">
			<directory>src/test/resources</directory>
			<includes>
				<include>**/*</include>
			</includes>
		</fileSet>
		<fileSet filtered="true" encoding="UTF-8">
			<directory>src/etc</directory>
			<includes>
				<include>**/*</include>
			</includes>
		</fileSet>
		<fileSet filtered="true" encoding="UTF-8">
			<directory>src/assemble</directory>
			<includes>
				<include>**/*</include>
			</includes>
		</fileSet>
	</fileSets>
</archetype-descriptor>
