<assembly xmlns="http://maven.apache.org/plugins/maven-assembly-plugin/assembly/1.1.0"
  xmlns:xsi="http://www.w3.org/2001/XMLSchema-instance"
  xsi:schemaLocation="http://maven.apache.org/plugins/maven-assembly-plugin/assembly/1.1.0 http://maven.apache.org/xsd/assembly-1.1.0.xsd">
  <id>PepperModuleBundle</id>
  <formats>
    <format>zip</format>
  </formats>
  <includeBaseDirectory>false</includeBaseDirectory>
  
  <fileSets>
  	<!-- Include pepper bundle -->
  	<fileSet>
  		<outputDirectory>./</outputDirectory>
  		<directory>${basedir}/target</directory>
  		<includes>
  			<include>${bundle.file}</include>
  		</includes>
  	</fileSet>
  	
  	<!-- Include license and notice file -->
  	<fileSet>
  		<outputDirectory>./${project.groupId}.${project.artifactId}_${project.version}</outputDirectory>
  		<includes>
  			<include>${license.file}</include>
  			<include>${notice.file}</include>
  		</includes>
  	</fileSet>
  	
  	<!-- Include resource files -->
  	<fileSet>
  		<outputDirectory>./${project.groupId}.${project.artifactId}_${project.version}</outputDirectory>
  		<directory>${basedir}/src/main/resources/</directory>
  	</fileSet>
  </fileSets>
</assembly>