<configuration>
      <appender name="STDOUT" class="ch.qos.logback.core.ConsoleAppender">
      <!-- encoders are assigned the type
           ch.qos.logback.classic.encoder.PatternLayoutEncoder by default -->
      <encoder>
        <pattern>%msg%n</pattern>
      </encoder>
    </appender>
    <appender name="FILE" class="ch.qos.logback.core.FileAppender">
        <file>pepper_out.txt</file>
        <encoder>
            <pattern>%date %level [%thread] %logger{10} [%file:%line] %msg%n
            </pattern>
        </encoder>
    </appender> 
    <appender name="WARN_FILE" class="ch.qos.logback.core.FileAppender">
        <file>pepper_warning_out.txt</file>
        <filter class="ch.qos.logback.classic.filter.ThresholdFilter">
      		<level>WARN</level>
    	</filter>
        <encoder>
            <pattern>%date %level [%thread] %logger{10} [%file:%line] %msg%n
            </pattern>
        </encoder>
    </appender> 
    <root level="info">
        <appender-ref ref="STDOUT" />
        <appender-ref ref="FILE" />
    	<appender-ref ref="WARN_FILE" />
    </root>
	<logger name="org.corpus_tools.pepper" level="INFO" />
</configuration>
